[
  {
    "description": "",
    "elements": [
      {
        "description": "",
        "id": "testing-interview-feature;api-get-request",
        "keyword": "Scenario",
        "line": 3,
        "name": "api get request",
        "steps": [
          {
            "keyword": "Before",
            "hidden": true,
            "result": {
              "status": "passed",
              "duration": 1702456200
            }
          },
          {
            "arguments": [],
            "keyword": "Given ",
            "line": 4,
            "name": "I navigated to \"api.coindesk.com\"",
            "match": {
              "location": "src\\stepDefiniations\\searchSteps\\search.step.ts:9"
            },
            "result": {
              "status": "passed",
              "duration": 1064478699
            }
          },
          {
            "keyword": "After",
            "hidden": true,
            "result": {
              "status": "passed",
              "duration": 191334200
            }
          }
        ],
        "tags": [],
        "type": "scenario"
      },
      {
        "description": "",
        "id": "testing-interview-feature;navigate-to-a-ebay-page",
        "keyword": "Scenario",
        "line": 6,
        "name": "Navigate to a ebay page",
        "steps": [
          {
            "keyword": "Before",
            "hidden": true,
            "result": {
              "status": "passed",
              "duration": 1683792400
            }
          },
          {
            "arguments": [],
            "keyword": "Given ",
            "line": 7,
            "name": "I navigate to \"https://www.ebay.com/\"",
            "match": {
              "location": "src\\stepDefiniations\\searchSteps\\search.step.ts:20"
            },
            "result": {
              "status": "passed",
              "duration": 4981742600
            }
          },
          {
            "arguments": [],
            "keyword": "Then ",
            "line": 8,
            "name": "verify cart updated or not \"1\"",
            "match": {
              "location": "src\\stepDefiniations\\searchSteps\\search.step.ts:30"
            },
            "result": {
              "status": "passed",
              "duration": 15218300
            }
          },
          {
            "keyword": "After",
            "hidden": true,
            "result": {
              "status": "passed",
              "duration": 13879300
            }
          }
        ],
        "tags": [],
        "type": "scenario"
      }
    ],
    "id": "testing-interview-feature",
    "line": 1,
    "keyword": "Feature",
    "name": "Testing interview feature",
    "tags": [],
    "uri": "src\\features\\login\\search.feature"
  }
]