{
  "eventTypeCode": 2,
  "serviceTypeCode": 0,
  "accountTypeCode": 1,
  "bankKey": "string",
  "records": [
    {
      "glDistributionBucketKey": "string",
      "glDistributionBucketTypeCode": 0,
      "debitAccountNumberKey": "string",
      "creditAccountNumberKey": "string",
      "percentage": 100
    },
    {
      "glDistributionBucketKey": "string",
      "glDistributionBucketTypeCode": 0,
      "debitAccountNumberKey": "string",
      "creditAccountNumberKey": "string",
      "percentage": 0 
    },
    {
      "glDistributionBucketKey": "string",
      "glDistributionBucketTypeCode": 0,
      "debitAccountNumberKey": "string",
      "creditAccountNumberKey": "string"
    },
    {
      "glDistributionBucketKey": "string",
      "glDistributionBucketTypeCode": 0,
      "debitAccountNumberKey": "string",
      "creditAccountNumberKey": "string" 
    },
    {  
      "glDistributionBucketKey": "string",
      "glDistributionBucketTypeCode": 1,
      "debitAccountNumberKey": "string",
      "creditAccountNumberKey": "string"
    },
    {
      "glDistributionBucketKey": "string",
      "glDistributionBucketTypeCode": 1,
      "debitAccountNumberKey": "string",
      "creditAccountNumberKey": "string"
    },
    {
      "glDistributionBucketKey": "string",
      "glDistributionBucketTypeCode": 0,
      "debitAccountNumberKey": "string",
      "creditAccountNumberKey": "string"
    },
    {
      "glDistributionBucketKey": "string",
      "glDistributionBucketTypeCode": 0,
      "debitAccountNumberKey": "string",
      "creditAccountNumberKey": "string"
    },
    {
      "glDistributionBucketKey": "string",
      "glDistributionBucketTypeCode": 0,
      "debitAccountNumberKey": "string",
      "creditAccountNumberKey": "string"
    }
  ]
}
