{
  "request": {
    "rateTableName": "string",
    "serviceTypeCode": 0,
    "meterTypeCode": 0,
    "flatRate": 0,
    "basicMeter": {
      "minimumCharge": 0,
      "additionalCharge": 0,
      "isDisplayAdditional": true,
      "consumptions": [
        {
        "tier": 0,
        "minimumUnit": 0,
        "maximumUnit": 0,
        "ratePerUnit": 0
        }
      ]
    },
    "gallonPerUnit": 0,
    "rateTypeCode": 0,
    "flatMeter": {
    "minimumCharge": 0,
    "additionalCharge": 0,
    "isDisplayAdditional": true,
    "nonMetered": [
      {
      "tier": 0,
      "minimumUnit": 0,
      "maximumUnit": 0,
      "ratePerUnit": 0
      }
    ]}
  }
}
