{
  "accountKey": "string",
  "serviceTypeCode": 0,
  "serviceMeterId": "string",
  "startDate": "2024-05-10T19:16:50.644Z",
  "rateTableKey": "string",
  "taxTableKey": "string",
  "deposit": 0,
  "isPublished": true,
  "beginningMeterReading": 0,
  "meterInventoryKey": "string",
  "nonMetereServiceTypeCode": 0,
  "relatedMeterId": "string",
  "serviceAveragingServices": [
    {
      "meterId": "string"
    }
  ],
  "relatedServiceTypeCode": 0,
  "isPenaltyExempt": true,
  "penaltyTableKey": "string",
  "penaltyDistributionKey": "string"
}