{
  "meterAttribute": {
    "serviceType": {
      "code": 6,
      "name": "WA",
      "description": "WATER"
    },
    "serialNumber": "###",
    "meterType": {
      "code": 1,
      "name": "Basic",
      "description": "Basic"
    },
    "meterCondition": {
      "code": 1,
      "name": "New",
      "description": "New"
    },
    "meterStatus": {
      "code": 2,
      "name": "In Storage",
      "description": "In Storage"
    },
    "multiplier": 1,
    "digits": 5,
    "meterReadType": {
      "code": 1,
      "name": "Manual",
      "description": "Manual"
    }
  }
}