{
    "Accounts_Account_Number": "[1]",
    "Accounts_Account_Holder": "[2]",
    "Accounts_Service_Location": "[3]",
    "Accounts_Bill_Payer": "[4]",
    "Accounts_Bill_Payer_Type": "[5]",
    "Accounts_Account_Status": "[6]",
    "Accounts_Move_In_Date": "[7]",
    "Accounts_Move_Out_Date": "[8]",
    " Account Number ": " Account Number ",
    " Account Holder ": " Account Holder ",
    " Service Location ": " Service Location ",
    " Bill Payer ": " Bill Payer Type ",
    " Account Status ": " Account Status ",
    " Move Out Date ": " Move Out Date ",
    "CurrentPage": "You're on page 2"
}