{
    "Current_Fiscal_Year": "This section displays the information about the fields.",
    "Current_Fiscal_Month": "This section displays the information about the fields.",
    "Maximum_Prior_Months": "Maximum Prior Fiscal Months to Allow PostingEnter the maximum number of prior Fiscal Months that you will allow posting.",
    "Round_Budget": "Round Budget to the Nearest Dollar?Yes – Budget amounts will be rounded to the nearest dollar.No – Budget amounts will not be rounded.",
    "Negative_Credit_Balances": "Display Credit Balances as Negative?For General Ledger reporting, if you want all balances that are Credits to be displayed with a negative sign, select Yes. Some Users/Auditors prefer a negative sign on ALL credit balances. Select No if you want to only display a negative sign when an account balance is opposite of what a normal balance should be. (i.e. An Asset normally carries a Debit balance, but if the account is carrying a Credit balance, a negative sign would be displayed. Likewise, a Liability normally carries a Credit balance, but if it is carrying a Debit balance, a negative sign would be displayed.)",
    "Year_End_Adjustment": "Use Year End Adjustment Tools?Yes – If you want to use the Year End Adjustment Tools.No – If you do NOT want to use the Year End Adjustment Tools.",
    "Allow_Over_Budget": "Allow Over Budget?Yes – Allows transactions that will put an account over budget.No – Will NOT allow transactions that will put an account over budget.Warning – Warnings will display letting you know that the transaction will put the account over budget. You will have the choice to not post the transaction and keep the account within budget, or you can choose to continue and put the account over budget.",
    "Allow_Cross_Fund_Posting": "Allow Cross Fund Posting?This parameter tells the system how to handle a posting where the user attempts to post the debit and credit of one transaction to different funds.Yes – Allow Cross Fund Posting without warning. No – Do NOT allow Cross Fund Posting.Warning – Allow Cross Fund Posting with warning.",
    "Asset_Department": "Default Asset DepartmentSelect the Department that will be used as the Default Asset Department when setting up a new Fund, Generating a GL Pay Distribution, or Generating a GL Deduction Distribution.",
    "Liability_Department": "Default Liability DepartmentSelect the Department that will be used as the Default Liability Department when setting up a new Fund, Generating a GL Pay Distribution, or Generating a GL Deduction Distribution.",
    "Transfer_Department": "Default Transfer DepartmentSelect the Department that will be used as the Default Transfer Department when setting up a new Fund.",
    "Profit_Handler_Department": "Default Profit Handler DepartmentSelect the Department that will be used as the Default Profit Handler Department when setting up a new Fund.",
    "Cash_Line":"Default Cash Account LineSelect the Account Line that will be used as the Default Cash Account Line when setting up a new Fund, Generating a GL Pay Distribution, or Generating a GL Deduction Distribution.",
    "Accounts_Payable_Line":"Default Accounts Payable Account LineSelect the Account Line that will be used as the Default Accounts Payable Account Line when setting up a new Fund.",
    "Encumbrance_Control_Line": "Default Encumbrance Control LineSelect the Account Line that will be used as the Default Encumbrance Control Account Line when setting up a new Fund.",
    "Encumbrance_Reserve_Line": "Default Encumbrance Reserve LineSelect the Account Line that will be used as the Default Encumbrance Reserve Account Line when setting up a new Fund.",
    "Encumbrance_Prior_Year_Line": "Default Encumbrance Prior Year LineSelect the Account Line that will be used as the Default Encumbrance Prior Account Line when setting up a new Fund.",
    "Profit_Handler_Line":"Default Profit Handler LineSelect the Account Line that will be used as the Default Profit Handler Account Line when setting up a new Fund.",
    "Fund_Balance_Line":"Default Fund Balance LineSelect the Account Line that will be used as the Default Fund Balance Account Line when setting up a new Fund.",
    "Transfer_In_Line":"Default Transfer In LineSelect the Account Line that will be used as the Default Transfer In Account Line when setting up a new Fund.",
    "Transfer_Out_Line":"Default Transfer Out LineSelect the Account Line that will be used as the Default Transfer Out Account Line when setting up a new Fund.",
    "Tif_Transfer_In_Out_Line": "Default TIF Transfer In Out LineSelect the Account Line that will be used as the Payroll Default TIF Transfer In Out Line when setting up a new Fund, and Generating GL Pay Distributions.",
    "Tif_Transfer_In_Line":"Default TIF Transfer In LineSelect the Account Line that will be used as the Default Transfer In Account Line when setting up a new Fund.",
    "Tif_Transfer_Out_Line": "Default TIF Transfer Out LineSelect the Account Line that will be used as the Default TIF Transfer Out Account Line when setting up a new Fund.",
    "Federal_Payable_Line": "Payroll Default Federal Payable LineSelect the Account Line that will be used as the Payroll Default Federal Payable Line when setting up a new Fund, and Generating GL Pay Distributions.",
    "Social_Security_Payable_Line": "Payroll Default Social Security Payable LineSelect the Account Line that will be used as the Payroll Default Social Security Payable Line when setting up a new Fund, and Generating GL Pay Distributions.",
    "Local_Payable_Line": "Payroll Default Local Payable LineSelect the Account Line that will be used as the Payroll Default Local Payable Line when setting up a new Fund, and Generating GL Pay Distributions.",
    "State_Payable_Line": "Payroll Default State Payable LineSelect the Account Line that will be used as the Payroll Default State Payable Line when setting up a new Fund, and Generating GL Pay Distributions.",
    "SS_Med_Expense_Line": "Payroll Default SS/Med Expense LineSelect the Account Line that will be used as the Payroll Default SS/Med Expense Line when setting up a new Fund, and Generating GL Pay Distributions.",
    "Cash_Line_In_Payroll": "Payroll Default Cash LineSelect the Account Line that will be used as the Payroll Default Cash Line when setting up a new Fund, Generating GL Pay Distributions, and Generating GL Deduction Distributions.",
    "Medicare_Payable_Line": "Default Medicare Payable LineSelect the Account Line that will be used as the Payroll Default Medicare Payable Line when setting up a new Fund, and Generating GL Pay Distributions.",
    "Use_Benefit_Fund": "Payroll Defaults Use Benefit Fund",
    "Benefit_Fund_Line":"Payroll Defaults Benefit Fund",
    "UseTaxtRateBoxInfo":"Enter the Rate to be used for calculating Use Taxes. Enter as a percentage without the percent sign.",
    "federalTaxIdBoxinfo":"Enter the Federal Tax ID for the City. It will be used creating 1099 Forms and Electronic Files.",
    "StateTaxBoxInfo":"Enter the State Tax ID for the City. It will be used when creating 1099 Forms and Electronic Files.",
    "VouvcherFormatInfo":"South Dakota - Choose this format if your city is South Dakota.",
    "useCheckVoucherinfo":"Use Check Vouchers ?",
    "useNonStandardCheckFormatingInfo":"Use Non-Standard Check Formatting ?",
    "lastJournalNumBoxinfo":"Last Journal Number the most recent Journal Number created for Either GL or UB module.",
    "ubBankDdefaultCcreditCcard":"Select the default Bank which should be applied for Credit Card Deposits created under UB module.",
    "glBankDefaultCreditCard":"Select the default Bank which should be applied for Credit Card Deposits created under GL module.",
    "defaultIvrPaymentType":"Select the default Payment type which should be applied to all the Receipts that have been imported from IVR Payments.",
    "defaultIvrRevenueCode":"Select the default Revenue Code which should be applied to all the Receipts that have been imported from IVR Payments.",
    "frontDeskCreditCardPaymentType":"Select the default Credit Card Payment type which should be applied to all the Front Desk Payment Receipts.",
    "frontDeskCheckPaymentType":"Select the default E-Check Payment type which should be applied to all the Front Desk Payment Receipts.",
    "frontDeskRevenueCode":"Select the default Revenue Code which should be applied to all the Front Desk Payment Receipts.",
    "frontDeskBankNumber":"Select the Default Bank Number for Front Desk Payment Receipts.",
    "depositNonCreditToBank":"Yes – If you want to deposit payments for non-credit card transactions to the Bank Number Specified on the GL Distribution ID in modules where available such as Utility Billing. When GL Distribution setup does not include a specific bank,the revenue code bank will be used.No – If you want to deposit payments for non-credit card transactions to the bank specified on the Revenue Code.",
    "depositNonCreditByPaymentType":"Yes – If you want to deposit payments for non-credit card transactions separately by payment type.No – If you want to deposit all payments for non-credit card transactions in a single deposit."
}