{
  "PayTypes Label": "[1]",
  "PayTypes TypeFrequency": "[2]",
  "PayTypes Modified": "[3]",
  "PayTypes Created": "[4]",
  "LeaveTypes Label": "[1]",
  "LeaveTypes Type": "[2]",
  "LeaveTypes Modified": "[3]",
  "LeaveTypes Created": "[4]",
  " Label ": " Label ",
  " Type ": " Type ",
  " Type-Frequency ": " Type-Frequency ",
  " Modified ": " Modified ",
  " Created ": " Created ",
  "Accounts_Account_Number": "[1]",
  "Accounts_Account_Holder": "[2]",
  "Accounts_Service_Location": "[3]",
  "Accounts_Bill_Payer": "[4]",
  "Accounts_Bill_Payer_Type": "[5]",
  "Accounts_Account_Status": "[6]",
  "Accounts_Move_In_Date": "[7]",
  "Accounts_Move_Out_Date": "[8]",
  " Account Number ": " Account Number ",
  " Account Holder ": " Account Holder ",
  " Service Location ": " Service Location ",
  " Bill Payer ": " Bill Payer ",
  " Bill Payer Type ": " Bill Payer Type ",
  " Account Status ": " Account Status ",
  " Move In Date ": " Move In Date ",
  " Move Out Date ": " Move Out Date ",
  "Funds_Fund#": "[1]",
  "Funds_Fund_Name": "[2]",
  "Funds_Fund_Status": "[3]",
  " Fund # ": " Fund # ",
  " Fund Name ": " Fund Name ",
  " Status ": " Status ",
  "CurrentPage": "You're on page 30",
  " Created Date ": " Created Date ",
  " Created_Date ": "[4]",
  " Department_Department# ": "[1]",
  " Department_Department_Name ": "[2]",
  " Department_Department_Status ": "[3]",
  " Department # ": " Department # ",
  " Department Name ": " Department Name ",
  " Activity # ": " Activity # ",
  " Activity Name ": " Activity Name ",
  " Distribution ID ": " Distribution ID ",
  " Bank # ": " Bank # ",
  " GL Cash Account ": " GL Cash Account ",
  " GL Accounts Payable ": " GL Accounts Payable ",
  "AccountLine # ": "[1]",
  "Account Line Name ": "[2]",
  "AccountType ": "[3]",
  "BalanceType ": "[4]",
  "StatementType ": "[5]",
  "CreatedDate ": "[6]",
  " _Bank # ": "[1]",
  " Bank Name ": "[2]",
  "Bank_ Created Date ": "[3]",
  "Bank_ Status ": "[4]",
  " _Fund # ": "[1]",
  " _Fund Name ": "[2]",
  "Fund_ Status ": "[3]",
  "Total Accounts ": "[4]",
  "Fund_ Created Date ": "[5]",
  "Progress ": "[6]",
  " Account #_acc ": "[1]",
  " Account Name_nm ": "[2]",
  " Account Type_type ": "[3]",
  " GL Account # ": " GL Account # ",
  " GL Account Name ": " GL Account Name ",
  " Account Type ": " Account Type ",
  " Period ": " Period ",
  " Budget Balance ": " Budget Balance ",
  " Actual Balance ": " Actual Balance ",
  " Variance ": " Variance ",
  " Variance % ": " Variance % ",
  " References ": " References ",
  "GL Account # ": "[1]",
  "GL Account Name ": "[2]",
  "References ": "[3]",
  "Debit ": "[4]",
  "Credit ": "[5]",
  "Period ": "[1]",
  "Budget Balance ": "[2]",
  "Actual Balance ": "[3]",
  "Variance ": "[4]",
  "Variance % ": "[5]",
  "Bank #": "[3]",
  "GL Account #": "[1]",
  "GL Account Name": "[2]",
  " Account Line # ": " Account Line # ",
  " Account Line Name ": " Account Line Name ",
  "Account Line #": "[2]",
  "Account Line Name": "[3]",
  "Distribution ID": "[3]",
  " Tax Table Name ": " Tax Table Name ",
  " Service ": " Service ",
  " Template Name ": " Template Name ",
  " Last Updated ": " Last Updated ",
  " Vendor Nickname ": " Vendor Nickname ",
  "Vendor nickname ": "[2]",
  " Invoice Date ": " Invoice Date ",
  "invoice Date ": "[3]",
  " Invoice # ": " Invoice # ",
  "invoice # ": "[4]",
  " Invoice Amount ": " Invoice Amount ",
  "invoice Amount ": "[5]",
  " Payment Method ": " Payment Method ",
  "payment Method ": "[6]",
  " Payment Amount ": " Payment Amount ",
  "payment Amount ": "[7]",
  " Check Amount ": " Check Amount ",
  "check Amount ": "[8]",
  " Check # ": " Check # ",
  "check # ": "[9]",
  "Journal # ": "[1]",
  "Reference ": "[2]",
  "Posting Date ": "[3]",
  "_Period ": "[4]",
  "Journal Entry ": "[5]",
  "Transactions Id": "[1]",
  "Transactions Date": "[2]",
  "Transactions Bank_ID": "[3]",
  "Transactions Type": "[4]",
  "Transactions Origin": "[5]",
  "Transactions Status": "[6]",
  "Transactions Amount": "[7]",
  "Transactions Reference": "[8]",
  "Transactions Statement_Date": "[9]",
  "Vendor # ": "[2]",
  "Vendor Name ": "[3]",
  "Nickname ": "[4]",
  "1099 Type ": "[5]",
  "Amount Paid ": "[6]",
  " Project # ": " Project # ",
  " Project Name ": " Project Name ",
  " Project_ID ": "[1]",
  " Project_Name ": "[2]"
}