{
  "deductionBasic": {
  "labelName": "string",
  "isPension": false,
  "isDisposable": false,
  "isFederalTax": false,
  "isSocialSecurityTax": false,
  "isMedicareTax": false,
  "isStateTax": false,
  "isLocalTax": false,
  "exemptIncome": false,
  "deductionFrequencyType": {
    "code": 1,
    "name": "EveryPaycheck"
  }
  },
  "deductionContribution": {
    "isSetAtEmployee": true
  },
  "vendor": {
    "vendorKey": "string",
    "label": "string"
  },
  "glDistribution": [{ 
    "costCenter": {
      "costCenterKey": 0,
      "label": "string"
    },
    "deductionDebit": "string",
    "deductionCredit": "string",
    "benefitDebit": "string",
    "isUpdated": false,
    "isDeleted": false
  }],
  "isClone": false
}