{
  "employeeKey": "string",
  "deductions": [{
    "deductionKey": "string",
    "label": "string",
    "isSetAtEmployee": true,
    "deductionEmployeeContribution": {
      "contributionMethodType": {
        "code": 1,
        "name": "FixedAmount",
        "description": "Fixed Amount"
      },
      "methodValue": 12,
      "deductionFrequencyType": {
        "code": 2,
        "name": "Monthly"
      },
      "maxContributionAmount": 23
    },
    "isUpdated": false,
    "isDeleted": false
  }]
}