  {
    "employeeKey": "string",
    "payrollProfile": {
      "type": {
        "code": 1,
        "name": "FullTime",
        "description": "Full Time"
      },
      "payType": {
        "code": 2,
        "name": "Salary",
        "description": "Salary"
      },
      "startDate": "09/17/2023",
      "endDate": null,
      "gender": {
        "code": 1,
        "name": "Male",
        "description": "Male"
      },
      "residentialState": {
        "code": 1,
        "name": "Alabama"
      },
      "workCompState": {
        "code": 1,
        "name": "Alabama"
      }
    }
  }