{
    "label": "string",
    "leaveType": {
      "code": 9,
      "name": "Paid"
    },
    "isApplyToOverTime": false,
    "leavePeriodType": {
      "code": 1,
      "name": "EachPayPeriod"
    },
    "isSickType": false,
    "isCompensationLeave": false,
    "isFMLALeaveLeave": false,
    "isLevelsAdded": false,
    "maximumTime": 0,
    "leaveCarryOver": {
      "type": {
        "code": 1,
        "description": "Amount"
      },
      "basis": {
        "code": 1,
        "description": "Anniversary"
      },
      "carryOverAmount": 43920
    }
}