{
  "CommonUtils":{    
    "gWorksLoader": "//div[@class='loader']",
    "toasterMessage": "//div[@role='alertdialog']",
    "toasterMessage1": "(//div[@role='alertdialog'])[1]",
    "toasterMessage2": "(//div[@role='alertdialog'])[2]",
    "toasterClose": "//button[contains(@class,'toast-close-button')]/span",
    "utilityBillingTab": "//p[text()='Utility Billing']",
    "UBSettings": "(//p[text()='Settings'])[1]",
    "invoicesMenu": "//span[text()='Invoices']",
    "pageHeader": "//h4[@class='gw-page-header']",
    "sideMenu": "//p[text()='HR']",
    "sideSubMenu": "(//span[text()='Accounts'])[1]",
    "HRSettingsOptions": "//button[text()='Deductions/Benefits']",
    "listOptions": "//div[@role='option']",
    "selectRecord": "//tr[@id='gw-row-data']/td[1]/a",
    "emailField": "//input[@id='emailAddress']",
    "passwordField": "//input[@id='loginPassword']",
    "loginBtn": "//button[text()='Login']",
    "dashboardPage": "//a[text()=' Dashboard']",
    "searchInput": "//input[@type='search']",
    "recordFound": "(//td)[1]",
    "payrollTab": "//a[text()='Payroll']",
    "pricingTab": "//a[text()='Pricing']",
    "agencyUsersTab": "//a[text()='Agency Users']",
    "channelTemplatesTab": "//a[text()='Channel Templates']",
    "emailDeliveribilityTab": "//a[text()='Email Deliverability']",
    "globalAPITab": "//a[text()='Global API Logs']",
    "addnewClientTab": "//span[text()='Add New Client']",
    "downloadTab": "//span[text()='Download']",
    "cityProfilePage": "//a[text()='Client']",
    "settingTab": "//span[text()='Settings']",
    "logsTab": "//span[text()='Logs']",
    "displayNameField": "//input[@id='cname'][@name='city.name']",
    "legelNameField": "//input[@id='cname'][@name='city.legal_name']",
    "logintoPortal": "//a[text()='Log into Portal']",
    "frontdeskPage": "//h3[text()='FrontDesk']",
    "userProfileIcon": "//a[@title='User Profile']",
    "logOut": "//a[text()='Log Out ']",
    "hubUserProfile": "//li//*[@data-icon='user']//ancestor::a",
    "hubLogout": "//div[text()=' Logout ']",
    "sidenavMenuList": "//nav[@id='side-menu']//div[@class='nav-link first-level-menu']",
    "inQAToggle": "(//i[@aria-hidden='true'])[7]",
    "updateBtn": "(//button[text()='Update'])[1]",
    "globalSearchTextBox": "//input[@placeholder='Search']",
    "masterListRecord": "(//tr[@id='gw-row-data'])[1]",
    "labelLocator": "//label[normalize-space()='Initial Deposit Amount']",
    "labelValueLocator": "//label[normalize-space()='Initial Deposit Amount']/../following-sibling::div/span",
    "MasterPagrFilters": "//div[@class='ng-value-container']//div[text()='All Services']/parent::div//input",
    "ubHubTogglebutton": "//input[@id='ub']",
    "opsHubToggleButton": "//input[@id='ops']",
    "opsHubRadioButton": "//input[@id='ops_full']",
    "UITableColumns": "//table//th",
    "inQAtoggleButton": "//input[@id='inQA']",
    "tablesFirstRowData": "//table//tr[1]/td",
    "accountSpecificData": "(//table//tr[1]/td/span[text()='10086503']/../../following-sibling::tr)[1]/td",
    "selectCalender": "//input[@id='gw-select-data-range']",
    "calenderPreviousButton": "//button[@class='previous' and @style='visibility: visible;']",
    "calenderStartMonthVisibility": "//bs-days-calendar-view[1]//button[@type='button']//span[text()='July']",
    "calenderEndMonthVisibility": "//bs-days-calendar-view[2]//button[@type='button']//span[text()='August']",
    "calenderNextButton": "//button[@class='next' and @style='visibility: visible;']",
    "selectStartMonthDate": "(//table[@role='grid'])[1]//span[text()='5' and @class='ng-star-inserted']",
    "selectEndMothDate": "(//table[@role='grid'])[2]//span[text()='7' and @class='ng-star-inserted']",
    "executionCityName": "//div[@id='navbarSupportedContent']//a[@class='nav-link gw-cursor-default']",
    "frontDeskToggleButton": "//input[@id='frontdesk']/following-sibling::i[1]",
    "updateBtn2": "(//button[text()='Update'])[2]",
    "timetrackerCheckbox": "//input[@id='plugin_timetracker']",
    "timetrackerCheckboxButton": "//input[@id='plugin_timetracker']/following-sibling::i",
    "approveTStoaster": "//div[@id='toast-container']",
    "agencySelect": "//select[@name='citycode']",
    "agencySelectDropdownOptions": "//select[@name='citycode']//option",
    "closeLoginPopUp": "//button[contains(@id, 'pendo-close-guide')]",
    "billingTab":  "//span[text()='Billing']",
    "utilitySettingsTab": "//p[text()='Utility Billing']//following::p[5]",
    "utilitySettingsBillingTab": "//span[normalize-space()='Billing']",
    "UBSettingsBilling": "//button[@id='flyout-menu342']",
    "updateButtonEditService": "//button[@id='gw-ub-service-request-create-request-btn' and contains(@class, 'gw-btn-primary') and text()='Update']",
    "FinanceTab": "//h2[@id='gw-side-nav-heading0']",
    "financeHubSettings": "(//div[@class='gw-nav-submenu-bg-color gw-submenu-dropdown']//p[contains(text(),'Settings')])[1]",
    "financeAccounting": "(//span[text()='Accounting'])[1]"
  }
}