{
  "basicInformation": {
    "vendorName": "string",
    "nickName": "string",
    "address1": "string",
    "city": "string",
    "state": "string",
    "zipCode": "string"
  },
  "contact": {
    "firstName": "string",
    "lastName": "string",
    "contactReference": "string",
    "contactPhoneNumber": "string",
    "emailId": "string"
  },
  "information1099": {
    "account1099Type": 1,
    "taxId": "taxId"
  },
  "To": {
    "remitToName": "string",
    "remitToAddress1": "string",
    "remitToCity": "string",
    "remitToState": "string",
    "remitToZipCode": "string"
  },
  "notes": {
    "notes": "A vendor is a party in the supply chain that makes goods and services available to companies or consumers."
  }
}