08:31:02,ECHK,KATHLEEN STASTNY,1000060001,,3825002,40,0,i4KsdqWp-E2G6-DJ2a-TPRg-BKrDkBLQKdwy
11:05:18,VISA,JULIE NAUGHTON,1234,,1288001,60.57,0,W0c7uB5j-Np07-75hj-8iF6-dswSytp0epX9
08:31:02,ECHK,KATHLEEN STASTNY,1000060001,,3825002,4580,0,a3pJGlhy-deSe-tPY3-dUsd-e2vt2fD90wuW
08:31:02,ECHK,KATHLEEN STASTNY,1000060001,,3825002,489,0,OltkIMYD-v3gn-U1ll-YSmI-9wgaskPdvmXx
08:31:02,ECHK,KATHLEEN STASTNY,1000060001,,3825002,489,0,vy6fGVGD-d2nA-zr5q-HYC9-pCsjN776n3OE
08:31:02,ECHK,KATHLEEN STASTNY,1000060001,,3825002,489,0,fNXzRXT8-rdBR-IXd4-1EXg-hZ0tFHwOxVa6
08:31:02,ECHK,KATHLEEN STASTNY,1000060001,,3825002,489,0,kAzwaFYV-EK12-rldM-t9UX-EM69YwHExVoX
